{
  "project_info": {
    "project_number": "92829310345",
    "firebase_url": "https://travelgotchi-default-rtdb.europe-west1.firebasedatabase.app",
    "project_id": "travelgotchi",
    "storage_bucket": "travelgotchi.appspot.com"
  },
  "client": [
    {
      "client_info": {
        "mobilesdk_app_id": "1:92829310345:android:4dc057fc27f72f4ef51558",
        "android_client_info": {
          "package_name": "com.lindotschka.travelgotchi"
        }
      },
      "oauth_client": [],
      "api_key": [
        {
          "current_key": "AIzaSyAt-5qmr9ieKcdLjtGPTA0ukDEJpkwTUQg"
        }
      ],
      "services": {
        "appinvite_service": {
          "other_platform_oauth_client": []
        }
      }
    }
  ],
  "configuration_version": "1"
}